strain	userOrOld	date	Nextstrain_clade	pango_lineage	genbank_accession	country	Nextstrain_clade_usher	pango_lineage_usher	accession	GISAID_clade
USA/WI-UW-1619/2020|MW332739.1|2020-09-24	GISAID and/or public	2020-09-24	20G	B.1.2	MW332739.1	USA	20G	B.1.2		
USA/WI-UW-2111/2020|MW341976.1|2020-09-30	GISAID and/or public	2020-09-30	20G	B.1.2	MW341976.1	USA	20G	B.1.2		
USA/WI-CDC-LC0005598/2021|MW636312.1|2021-01-15	GISAID and/or public	2021-01-15	20G	B.1.2	MW636312.1	USA	20G	B.1.2		
USA/NC-CDC-STM-000031868/2021|MW808450.1|2021-03-07	GISAID and/or public	2021-03-07	20G	B.1.2	MW808450.1	USA	20G	B.1.2		
USA/NJ-CDC-LC0014706/2021|MW705207.1|2021-02-09	GISAID and/or public	2021-02-09	20G	B.1.2	MW705207.1	USA	20G	B.1.2		
USA/MN-CDC-LC0008573/2021|MW641140.1|2021-01-20	GISAID and/or public	2021-01-20	20G	B.1.2	MW641140.1	USA	20G	B.1.2		
USA/GA-CDC-LC0009560/2021|MW641424.1|2021-01-25	GISAID and/or public	2021-01-25	20G	B.1.2	MW641424.1	USA	20G	B.1.2		
USA/WI-UW-3057/2021|EPI_ISL_906220|2021-01-21	GISAID and/or public	2021-01-21	20G	B.1.2		USA	20G	B.1.2		
USA/WI-UW-2213/2020|MW342072.1|2020-10-27	GISAID and/or public	2020-10-27	20G	B.1.2	MW342072.1	USA	20G	B.1.2		
USA/OR-OHSU-7991/2020|EPI_ISL_2838983|2020-12-16	GISAID and/or public	2020-12-16	20G	B.1.2		USA	20G	B.1.2		
USA/WY-WYPHL20144163/2020|EPI_ISL_2018043|2020-11-19	GISAID and/or public	2020-11-19	20G	B.1.2		USA	20G	B.1.2		
USA/WI-UW-5116/2020|EPI_ISL_2295189|2020-11-07	GISAID and/or public	2020-11-07	20G	B.1.2		USA	20G	B.1.2		
USA/WI-UW-1323/2020|MW035492.1|2020-08-27	GISAID and/or public	2020-08-27	20G	B.1.2	MW035492.1	USA	20G	B.1.2		
USA/WI-UW-1269/2020|MW035439.1|2020-08-25	GISAID and/or public	2020-08-25	20G	B.1.2	MW035439.1	USA	20G	B.1.2		
USA/WI-UW-1324/2020|MW035493.1|2020-08-27	GISAID and/or public	2020-08-27	20G	B.1.2	MW035493.1	USA	20G	B.1.2		
USA/WY-WYPHL-20137046/2020|EPI_ISL_2594769|2020-11-15	GISAID and/or public	2020-11-15	20G	B.1.2		USA	20G	B.1.2		
USA/WI-WSLH-201613/2020|EPI_ISL_803750|2020-09-25	GISAID and/or public	2020-09-25	20G	B.1.2		USA	20G	B.1.2		
USA/NJ-CDC-LC0002967/2020|EPI_ISL_1028087|2020-12-30	GISAID and/or public	2020-12-30	20G	None		USA	20G	B.1.2		
USA/WY-WYPHL20144186/2020|EPI_ISL_2018044|2020-11-19	GISAID and/or public	2020-11-19	20G	B.1.2		USA	20G	B.1.2		
USA/WI-UW-1909/2020|MW333022.1|2020-09-17	GISAID and/or public	2020-09-17	20G	B.1.2	MW333022.1	USA	20G	B.1.2		
USA/WI-UW-2257/2020|MW403544.1|2020-09-25	GISAID and/or public	2020-09-25	20G	B.1.2	MW403544.1	USA	20G	B.1.2		
USA/WI-CII-LCR-001/2020|EPI_ISL_2534264|2020-09	GISAID and/or public	2020-09	20G	B.1.2		USA	20G	B.1.2		
USA/WI-UW-2243/2020|MW403531.1|2020-09-21	GISAID and/or public	2020-09-21	20G	B.1.2	MW403531.1	USA	20G	B.1.2		
USA/IL-CDC-QDX22052937/2021|MW698110.1|2021-02-14	GISAID and/or public	2021-02-14	20G	B.1.2	MW698110.1	USA	20G	B.1.2		
USA/IL-CDC-QDX22054934/2021|MW698073.1|2021-02-14	GISAID and/or public	2021-02-14	20G	B.1.2	MW698073.1	USA	20G	B.1.2		
USA/MN-MDH-4953/2021|MW916686.1|2021-01-11	GISAID and/or public	2021-01-11	20G	B.1.2	MW916686.1	USA	20G	B.1.2		
USA/MN-MDH-2521/2020|MW558335.1|2020-12-29	GISAID and/or public	2020-12-29	20G	B.1.2	MW558335.1	USA	20G	B.1.2		
USA/CA-CZB-28579/2021|MW921924.1|2021-01-29	GISAID and/or public	2021-01-29	20G	B.1.2	MW921924.1	USA	20G	B.1.2		
USA/CA-CZB-31188/2021|MZ377700.1|2021-02-02	GISAID and/or public	2021-02-02	20G	B.1.2	MZ377700.1	USA	20G	B.1.2		
USA/WI-UW-2920/2021|EPI_ISL_872853|2021-01-08	GISAID and/or public	2021-01-08	20G	B.1.2		USA	20G	B.1.2		
USA/WI-CDC-STM-000003683/2021|MW585901.1|2021-01-18	GISAID and/or public	2021-01-18	20G	B.1.2	MW585901.1	USA	20G	B.1.2		
USA/WI-UW-5163/2020|EPI_ISL_2295236|2020-11-05	GISAID and/or public	2020-11-05	20G	B.1.2		USA	20G	B.1.2		
USA/WI-UW-5166/2020|EPI_ISL_2295239|2020-10-27	GISAID and/or public	2020-10-27	20G	B.1.2		USA	20G	B.1.2		
USA/WI-UW-2944/2021|EPI_ISL_872876|2021-01-05	GISAID and/or public	2021-01-05	20G	B.1.2		USA	20G	B.1.2		
USA/WI-UW-2936/2021|EPI_ISL_872868|2021-01-05	GISAID and/or public	2021-01-05	20G	B.1.2		USA	20G	B.1.2		
USA/WI-WSLH-201371/2020|EPI_ISL_803597|2020-10-01	GISAID and/or public	2020-10-01	20G	B.1.2		USA	20G	B.1.2		
USA/WI-WSLH-201387/2020|EPI_ISL_803612|2020-09-26	GISAID and/or public	2020-09-26	20G	B.1.2		USA	20G	B.1.2		
USA/WI-CDC-LC0001794/2020|MW634844.1|2020-12-26	GISAID and/or public	2020-12-26	20G	B.1.2	MW634844.1	USA	20G	B.1.2		
USA/WI-CDC-LC00001767/2020|EPI_ISL_888043|2020-12-26	GISAID and/or public	2020-12-26	20G	B.1.2		USA	20G	B.1.2		
USA/WI-CDC-LC0001767/2020|MW634835.1|2020-12-26	GISAID and/or public	2020-12-26	20G	B.1.2	MW634835.1	USA	20G	B.1.2		
USA/WI-UW-2946/2021|EPI_ISL_872878|2021-01-05	GISAID and/or public	2021-01-05	20G	B.1.2		USA	20G	B.1.2		
USA/WI-UW-2997/2021|EPI_ISL_960313|2021-01-05	GISAID and/or public	2021-01-05	20G	B.1.2		USA	20G	B.1.2		
USA/WI-CDC-LC0001870/2020|MW634878.1|2020-12-27	GISAID and/or public	2020-12-27	20G	B.1.2	MW634878.1	USA	20G	B.1.2		
USA/WI-UW-2914/2021|EPI_ISL_872847|2021-01-12	GISAID and/or public	2021-01-12	20G	B.1.2		USA	20G	B.1.2		
USA/SC-MUSC-0514/2021|EPI_ISL_1482689|2021-01-26	GISAID and/or public	2021-01-26	20G	B.1.2		USA	20G	B.1.2		
USA/WI-UW-3104/2021|EPI_ISL_960387|2021-01-27	GISAID and/or public	2021-01-27	20G	B.1.2		USA	20G	B.1.2		
USA/UND-00064968/2021|MZ395476.1|2021-01-30	GISAID and/or public	2021-01-30	20G	B.1.2	MZ395476.1	USA	20G	B.1.2		
USA/JFJA/2020|MW925518.1|2020-12-01	GISAID and/or public	2020-12-01	20G	B.1.2	MW925518.1	USA	20G	B.1.2		
USA/JEXK/2020|MW930466.1|2020-11-18	GISAID and/or public	2020-11-18	20G	B.1.2	MW930466.1	USA	20G	B.1.2		
USA/JFLQ/2020|MW925579.1|2020-12-01	GISAID and/or public	2020-12-01	20G	B.1.2	MW925579.1	USA	20G	B.1.2		
USA/JFUH/2020|MW925206.1|2020-12-02	GISAID and/or public	2020-12-02	20G	B.1.2	MW925206.1	USA	20G	B.1.2		
USA/NY-PRL-2021_0701_52J16/2020|EPI_ISL_2827636|2020-11-16	GISAID and/or public	2020-11-16	20G	B.1.2		USA	20G	B.1.2		
USA/NC-CDC-LC0006705/2021|MW636673.1|2021-01-19	GISAID and/or public	2021-01-19	20G	B.1.2	MW636673.1	USA	20G	B.1.2		
USA/NC-CDC-LC0016952/2021|MW706556.1|2021-02-11	GISAID and/or public	2021-02-11	20G	B.1.2	MW706556.1	USA	20G	B.1.2		
USA/NC-CDC-ASC210008604/2021|MZ258939.1|2021-03-16	GISAID and/or public	2021-03-16	20G	B.1.2	MZ258939.1	USA	20G	B.1.2		
USA/TG724967/2020|MZ907925.1|2020-11-04	GISAID and/or public	2020-11-04	20G	B.1.2	MZ907925.1	USA	20G	B.1.2		
USA/AZ-TG724967/2020|EPI_ISL_1113632|2020-11-04	GISAID and/or public	2020-11-04	20G	B.1.2		USA	20G	B.1.2		
USA/PA-CDC-4156431-001/2020|MZ404369.1|2020-12-29	GISAID and/or public	2020-12-29	20G	B.1.2	MZ404369.1	USA	20G	B.1.2		
USA/PA-M20156887/2020|MZ766166.1|2020-12-10	GISAID and/or public	2020-12-10	20G	B.1.2	MZ766166.1	USA	20G	B.1.2		
USA/PA-M20156840/2020|MZ766168.1|2020-12-10	GISAID and/or public	2020-12-10	20G	B.1.2	MZ766168.1	USA	20G	B.1.2		
USA/WI-UW-5094/2020|EPI_ISL_2295167|2020-11-11	GISAID and/or public	2020-11-11	20G	B.1.2		USA	20G	B.1.2		
USA/WI-WSLH-215149/2020|EPI_ISL_2558346|2020-11-27	GISAID and/or public	2020-11-27	20G	B.1.2		USA	20G	B.1.2		
USA/WI-WSLH-215169/2020|EPI_ISL_2558366|2020-11-04	GISAID and/or public	2020-11-04	20G	B.1.2		USA	20G	B.1.2		
USA/IA-CDC-LC0002727/2021|MW635232.1|2021-01-04	GISAID and/or public	2021-01-04	20G	B.1.2	MW635232.1	USA	20G	B.1.2		
USA/WI-WSLH-210065/2020|EPI_ISL_983958|2020-12-21	GISAID and/or public	2020-12-21	20G	B.1.2		USA	20G	B.1.2		
USA/CA-COLOR-UCSF-CC077/2021|EPI_ISL_1824796|2021-02-04	GISAID and/or public	2021-02-04	20G	B.1.2		USA	20G	B.1.2		
USA/GA-CDC-LC0018466/2021|MW707593.1|2021-02-16	GISAID and/or public	2021-02-16	20G	B.1.2	MW707593.1	USA	20G	B.1.2		
USA/CA-CDC-2-4215118/2021|MZ056153.1|2021-03-30	GISAID and/or public	2021-03-30	20G	B.1.2	MZ056153.1	USA	20G	B.1.2		
USA/CA-CDC-FG-019325/2021|MW933365.1|2021-04-01	GISAID and/or public	2021-04-01	20G	B.1.2	MW933365.1	USA	20G	B.1.2		
USA/WI-WSLH-201100/2020|EPI_ISL_803342|2020-09-14	GISAID and/or public	2020-09-14	20G	B.1.2		USA	20G	B.1.2		
USA/IN-INSPHL-00015/2021|EPI_ISL_1363165|2021-01-13	GISAID and/or public	2021-01-13	20G	B.1.2		USA	20G	B.1.2		
USA/WI-UW-1450/2020|MW031017.1|2020-09-11	GISAID and/or public	2020-09-11	20G	B.1.2	MW031017.1	USA	20G	B.1.2		
USA/OR-OHSU-2854/2020|EPI_ISL_667357|2020-09-02	GISAID and/or public	2020-09-02	20G	B.1.2		USA	20G	B.1.2		
USA/OR-OHSU-2852/2020|EPI_ISL_667355|2020-09-02	GISAID and/or public	2020-09-02	20G	B.1.2		USA	20G	B.1.2		
USA/WI-UW-1934/2020|MW341803.1|2020-09-17	GISAID and/or public	2020-09-17	20G	B.1.2	MW341803.1	USA	20G	B.1.2		
USA/WI-UW-1341/2020|EPI_ISL_536712|2020-09-08	GISAID and/or public	2020-09-08	20G	B.1.2		USA	20G	B.1.2		
USA/CO-CDPHE-2100509186/2021|MW796605.1|2021-01-22	GISAID and/or public	2021-01-22	20G	B.1.2	MW796605.1	USA	20G	B.1.2		
USA/AZ-TG745352/2021|EPI_ISL_1183961|2021-02-22	GISAID and/or public	2021-02-22	20G	B.1.2		USA	20G	B.1.2		
USA/GA-EHC-897O/2020|MZ313038.1|2020-12-05	GISAID and/or public	2020-12-05	20G	B.1.2	MZ313038.1	USA	20G	B.1.2		
USA/GA-CDC-LC0009493/2021|MW640466.1|2021-01-25	GISAID and/or public	2021-01-25	20G	B.1.2	MW640466.1	USA	20G	B.1.2		
USA/GA-CDC-LC0010635/2021|MW640880.1|2021-01-26	GISAID and/or public	2021-01-26	20G	B.1.2	MW640880.1	USA	20G	B.1.2		
USA/AL-CDC-LC0009843/2021|MW640579.1|2021-01-25	GISAID and/or public	2021-01-25	20G	B.1.2	MW640579.1	USA	20G	B.1.2		
USA/GA-CDC-STM-000008823/2021|MW672724.1|2021-02-02	GISAID and/or public	2021-02-02	20G	B.1.2	MW672724.1	USA	20G	B.1.2		
USA/WI-GMF-26896/2020|EPI_ISL_660965|2020-10-20	GISAID and/or public	2020-10-20	20G	B.1.2		USA	20G	B.1.2		
USA/WI-WSLH-201212/2020|EPI_ISL_803452|2020-10-21	GISAID and/or public	2020-10-21	20G	B.1.2		USA	20G	B.1.2		
USA/WI-WSLH-210151/2021|EPI_ISL_984039|2021-01-11	GISAID and/or public	2021-01-11	20G	B.1.2		USA	20G	B.1.2		
USA/WI-WSLH-210154/2021|EPI_ISL_984042|2021-01-11	GISAID and/or public	2021-01-11	20G	B.1.2		USA	20G	B.1.2		
USA/WI-WSLH-210160/2021|EPI_ISL_984048|2021-01-11	GISAID and/or public	2021-01-11	20G	B.1.2		USA	20G	B.1.2		
USA/WI-WSLH-210163/2021|EPI_ISL_984051|2021-01-11	GISAID and/or public	2021-01-11	20G	B.1.2		USA	20G	B.1.2		
USA/WI-WSLH-210180/2020|EPI_ISL_1067909|2020-12-26	GISAID and/or public	2020-12-26	20G	B.1.2		USA	20G	B.1.2		
USA/WI-WSLH-210230/2020|EPI_ISL_984060|2020-12-26	GISAID and/or public	2020-12-26	20G	B.1.2		USA	20G	B.1.2		
USA/MI-UM-10036667320/2020|EPI_ISL_650054|2020-10-28	GISAID and/or public	2020-10-28	20G	B.1.2		USA	20G	B.1.2		
USA/NY-MSHSPSP-PV24064/2020|EPI_ISL_1301031|2020-12-04	GISAID and/or public	2020-12-04	20G	B.1.2		USA	20G	B.1.2		
USA/CA-CZB-14430/2020|MW565390.1|2020-11-04	GISAID and/or public	2020-11-04	20G	B.1.2	MW565390.1	USA	20G	B.1.2		
USA/ND-NDDH-0539/2021|EPI_ISL_1608178|2021-01-07	GISAID and/or public	2021-01-07	20G	B.1.2		USA	20G	B.1.2		
USA/NY-PRL-2021_0611_51O06/2020|EPI_ISL_2633505|2020-12-28	GISAID and/or public	2020-12-28	20G	B.1.2		USA	20G	B.1.2		
USA/FL-Shands-VTM-2332/2020|EPI_ISL_3657428|2020-12	GISAID and/or public	2020-12	20G	B.1.2		USA	20G	B.1.2		
USA/FL-Shands-VTM-2341/2020|EPI_ISL_3657436|2020-12	GISAID and/or public	2020-12	20G	B.1.2		USA	20G	B.1.2		
USA/GA-CDC-LC00001639/2020|EPI_ISL_887780|2020-12-26	GISAID and/or public	2020-12-26	20G	B.1.2		USA	20G	B.1.2		
USA/GA-CDC-LC0001639/2020|MW634785.1|2020-12-26	GISAID and/or public	2020-12-26	20G	B.1.2	MW634785.1	USA	20G	B.1.2		
USA/GA-CDC-LC00001021/2020|EPI_ISL_888387|2020-12-26	GISAID and/or public	2020-12-26	20G	B.1.2		USA	20G	B.1.2		
USA/MN-MDH-1866/2020|MW192108.1|2020-09-24	GISAID and/or public	2020-09-24	20G	B.1.2	MW192108.1	USA	20G	B.1.2		
USA/MN-MDH-1865/2020|MW192107.1|2020-09-24	GISAID and/or public	2020-09-24	20G	B.1.2	MW192107.1	USA	20G	B.1.2		
USA/MN-MDH-1868/2020|MW192110.1|2020-09-26	GISAID and/or public	2020-09-26	20G	B.1.2	MW192110.1	USA	20G	B.1.2		
USA/MN-MDH-1867/2020|MW192109.1|2020-09-27	GISAID and/or public	2020-09-27	20G	B.1.2	MW192109.1	USA	20G	B.1.2		
USA/MN-MDH-1875/2020|MW192117.1|2020-09-24	GISAID and/or public	2020-09-24	20G	B.1.2	MW192117.1	USA	20G	B.1.2		
USA/MN-MDH-2476/2021|MW549841.1|2021-01-02	GISAID and/or public	2021-01-02	20G	B.1.2	MW549841.1	USA	20G	B.1.2		
USA/AZ-TG808459/2020|EPI_ISL_1591985|2020-11-02	GISAID and/or public									
USA/MA-CDC-ASC210006188/2021|MW966619.1|2021-03-12	GISAID and/or public	2021-03-12	20G	B.1.2	MW966619.1	USA	20G	B.1.2		
USA/MN-MDH-1876/2020|MW192118.1|2020-09-27	GISAID and/or public	2020-09-27	20G	B.1.2	MW192118.1	USA	20G	B.1.2		
USA/MN-MDH-2608/2021|MW593037.1|2021-01-04	GISAID and/or public	2021-01-04	20G	B.1.2	MW593037.1	USA	20G	B.1.2		
USA/MN-CDC-LC0009099/2021|MW641276.1|2021-01-21	GISAID and/or public	2021-01-21	20G	B.1.2	MW641276.1	USA	20G	B.1.2		
USA/KS-CDC-QDX21404204/2021|MW666824.1|2021-01-25	GISAID and/or public	2021-01-25	20G	B.1.2	MW666824.1	USA	20G	B.1.2		
USA/MI-MDHHS-SC28736/2021|EPI_ISL_2271856|2021-04-02	GISAID and/or public	2021-04-02	20G	B.1.2		USA	20G	B.1.2		
USA/MI-UM-S768095/2021|EPI_ISL_1580499|2021-03-27	GISAID and/or public	2021-03-27	20G	B.1.2		USA	20G	B.1.2		
USA/WI-WSLH-201793/2020|EPI_ISL_942110|2020-12-03	GISAID and/or public	2020-12-03	20G	B.1.2		USA	20G	B.1.2		
USA/WI-WSLH-201816/2020|EPI_ISL_942131|2020-12-03	GISAID and/or public	2020-12-03	20G	B.1.2		USA	20G	B.1.2		
USA/OR-CDC-ASC210001559/2021|MW851445.1|2021-03-03	GISAID and/or public	2021-03-03	20G	B.1.2	MW851445.1	USA	20G	B.1.2		
USA/CA-IGI-3124/2021|MW972570.1|2021-01-27	GISAID and/or public	2021-01-27	20G	B.1.2	MW972570.1	USA	20G	B.1.2		
USA/CA-IGI-3053/2021|EPI_ISL_1712447|2021-01-25	GISAID and/or public	2021-01-25	20G	B.1.2		USA	20G	B.1.2		
USA/MN-MDH-2611/2021|MW593040.1|2021-01-04	GISAID and/or public	2021-01-04	20G	B.1.2	MW593040.1	USA	20G	B.1.2		
USA/MN-MDH-2731/2021|MW632198.1|2021-01-16	GISAID and/or public	2021-01-16	20G	B.1.2	MW632198.1	USA	20G	B.1.2		
USA/MN-MDH-2805/2021|MW648195.1|2021-01-25	GISAID and/or public	2021-01-25	20G	B.1.2	MW648195.1	USA	20G	B.1.2		
USA/MN-MDH-2772/2021|MW648162.1|2021-01-21	GISAID and/or public	2021-01-21	20G	B.1.2	MW648162.1	USA	20G	B.1.2		
USA/WI-WSLH-211066/2021|EPI_ISL_1067863|2021-02-01	GISAID and/or public	2021-02-01	20G	B.1.2		USA	20G	B.1.2		
USA/MN-MDH-3543/2021|MW751532.1|2021-02-16	GISAID and/or public	2021-02-16	20G	B.1.2	MW751532.1	USA	20G	B.1.2		
USA/MN-MDH-2530/2020|MW558326.1|2020-12-30	GISAID and/or public	2020-12-30	20G	B.1.2	MW558326.1	USA	20G	B.1.2		
USA/OH-ODH-SC179996/2020|EPI_ISL_918485|2020-12-14	GISAID and/or public	2020-12-14	20G	B.1.2		USA	20G	B.1.2		
USA/MN-CDC-IBX839825070061/2021|OK220669.1|2021-04-17	GISAID and/or public	2021-04-17	20G	B.1.2	OK220669.1	USA	20G	B.1.2		
USA/IL-CDC-LC0037979/2021|MZ002272.1|2021-03-29	GISAID and/or public	2021-03-29	20G	B.1.2	MZ002272.1	USA	20G	B.1.2		
USA/MN-CDC-IBX940102107659/2021|MZ193531.1|2021-04-23	GISAID and/or public	2021-04-23	20G	B.1.2	MZ193531.1	USA	20G	B.1.2		
USA/MN-CDC-IBX559501380259/2021|OK218924.1|2021-04-03	GISAID and/or public	2021-04-03	20G	B.1.2	OK218924.1	USA	20G	B.1.2		
USA/WI-WSLH-201332/2020|EPI_ISL_803558|2020-09-24	GISAID and/or public	2020-09-24	20G	B.1.2		USA	20G	B.1.2		
USA/WI-WSLH-201361/2020|EPI_ISL_803587|2020-09-27	GISAID and/or public	2020-09-27	20G	B.1.2		USA	20G	B.1.2		
USA/WI-UW-5072/2020|EPI_ISL_2295145|2020-11-09	GISAID and/or public	2020-11-09	20G	B.1.2		USA	20G	B.1.2		
USA/IL-LCH-0210/2020|EPI_ISL_1501833|2020-11-07	GISAID and/or public	2020-11-07	20G	B.1.2		USA	20G	B.1.2		
USA/TG927578/2020|MZ917599.1|2020-10-27	GISAID and/or public	2020-10-27	20G	B.1.2	MZ917599.1	USA	20G	B.1.2		
USA/TG878142/2020|MZ918217.1|2020-11-01	GISAID and/or public	2020-11-01	20G	B.1.2	MZ918217.1	USA	20G	B.1.2		
USA/AZ-TG927578/2020|EPI_ISL_2672082|2020-10-27	GISAID and/or public	2020-10-27	20G	B.1.2		USA	20G	B.1.2		
USA/AZ-TG878142/2020|EPI_ISL_2281339|2020-11-01	GISAID and/or public	2020-11-01	20G	B.1.2		USA	20G	B.1.2		
USA/WI-WSLH-201140/2020|EPI_ISL_803381|2020-10-06	GISAID and/or public	2020-10-06	20G	B.1.2		USA	20G	B.1.2		
USA/WI-WSLH-201541/2020|EPI_ISL_803838|2020-10-19	GISAID and/or public	2020-10-19	20G	B.1.2		USA	20G	B.1.2		
USA/WI-WSLH-201542/2020|EPI_ISL_803839|2020-10-19	GISAID and/or public	2020-10-19	20G	B.1.2		USA	20G	B.1.2		
USA/TG769784/2020|MZ908476.1|2020-11-05	GISAID and/or public	2020-11-05	20G	B.1.2	MZ908476.1	USA	20G	B.1.2		
USA/IL-NM-5983/2020|EPI_ISL_937015|2020-11-20	GISAID and/or public	2020-11-20	20G	B.1.2		USA	20G	B.1.2		
USA/WI-UW-2055/2020|MW341920.1|2020-10-15	GISAID and/or public	2020-10-15	20G	B.1.2	MW341920.1	USA	20G	B.1.2		
USA/MI-MDHHS-SC22554/2020|EPI_ISL_737108|2020-11-14	GISAID and/or public	2020-11-14	20G	B.1.2		USA	20G	B.1.2		
USA/WI-UW-2308/2020|MW403592.1|2020-11-26	GISAID and/or public	2020-11-26	20G	B.1.2	MW403592.1	USA	20G	B.1.2		
USA/WI-WSLH-201319/2020|EPI_ISL_803545|2020-09-21	GISAID and/or public	2020-09-21	20G	B.1.2		USA	20G	B.1.2		
USA/TG959892/2020|OK466066.1|2020-10-29	GISAID and/or public	2020-10-29	20G	B.1.2	OK466066.1	USA	20G	B.1.2		
USA/WI-WSLH-201374/2020|EPI_ISL_803600|2020-10-02	GISAID and/or public	2020-10-02	20G	B.1.2		USA	20G	B.1.2		
USA/WI-WSLH-201071/2020|EPI_ISL_803328|2020-09-29	GISAID and/or public	2020-09-29	20G	B.1.2		USA	20G	B.1.2		
USA/WI-WSLH-201286/2020|EPI_ISL_803513|2020-09-21	GISAID and/or public	2020-09-21	20G	B.1.2		USA	20G	B.1.2		
USA/WI-WSLH-201288/2020|EPI_ISL_803515|2020-09-22	GISAID and/or public	2020-09-22	20G	B.1.2		USA	20G	B.1.2		
USA/WI-WSLH-201306/2020|EPI_ISL_803533|2020-09-21	GISAID and/or public	2020-09-21	20G	B.1.2		USA	20G	B.1.2		
USA/WI-WSLH-201353/2020|EPI_ISL_803579|2020-10-05	GISAID and/or public	2020-10-05	20G	B.1.2		USA	20G	B.1.2		
USA/WI-WSLH-201424/2020|EPI_ISL_803647|2020-10-08	GISAID and/or public	2020-10-08	20G	B.1.2		USA	20G	B.1.2		
USA/AZ-TG959892/2020|EPI_ISL_2919309|2020-10-29	GISAID and/or public	2020-10-29	20G	B.1.2		USA	20G	B.1.2		
USA/MN-MDH-2251/2020|MW462649.1|2020-10-09	GISAID and/or public	2020-10-09	20G	B.1.2	MW462649.1	USA	20G	B.1.2		
USA/WI-GMF-41063/2020|EPI_ISL_942667|2020-12-10	GISAID and/or public	2020-12-10	20G	B.1.2		USA	20G	B.1.2		
USA/MN-GMF-38522/2020|EPI_ISL_942565|2020-12-02	GISAID and/or public	2020-12-02	20G	B.1.2		USA	20G	B.1.2		
USA/WI-UW-2731-T3/2021	uploaded sample		uploaded sample	uploaded sample			uploaded sample	uploaded sample		uploaded sample
USA/WI-UW-2731-T2/2021	uploaded sample		uploaded sample	uploaded sample			uploaded sample	uploaded sample		uploaded sample
USA/WI-UW-2731-T2/2021|EPI_ISL_872778|2021-01-14	GISAID and/or public	2021-01-14	20G	B.1.2		USA	20G	B.1.2		
USA/WI-WSLH-202168/2020|EPI_ISL_4029567|2020-12-27	GISAID and/or public	2020-12-27	20G	B.1.2		USA	20G	B.1.2		
USA/WI-UW-2731/2021|EPI_ISL_831496|2021-01-07	GISAID and/or public	2021-01-07	20G	B.1.2		USA	20G	B.1.2		
USA/WI-UW-2731/2021	uploaded sample		uploaded sample	uploaded sample			uploaded sample	uploaded sample		uploaded sample
USA/WI-WSLH-202168/2020	uploaded sample		uploaded sample	uploaded sample			uploaded sample	uploaded sample		uploaded sample
USA/WI-UW-2731-T3/2021|EPI_ISL_1039839|2021-02-11	GISAID and/or public	2021-02-11	20G	B.1.2		USA	20G	B.1.2		
USA/WI-UW-2731-T4/2021	uploaded sample		uploaded sample	uploaded sample			uploaded sample	uploaded sample		uploaded sample
USA/WI-UW-2731-T4/2021|EPI_ISL_4052911|2021-03-22	GISAID and/or public	2021-03-22	20G	B.1.2		USA	20G	B.1.2		
USA/Mayo-0928/2021	uploaded sample		uploaded sample	uploaded sample			uploaded sample	uploaded sample		uploaded sample
USA/WI-UW-5350/2021	uploaded sample		uploaded sample	uploaded sample			uploaded sample	uploaded sample		uploaded sample
USA/WI-UW-5350/2021|EPI_ISL_2833904|2021-06-29	GISAID and/or public	2021-06-29	20G	B.1.2		USA	20G	B.1.2		
USA/WI-WSLH-217727/2021|EPI_ISL_5145656|2021-08-04	GISAID and/or public	2021-08-04	20G	B.1.2		USA	20G	B.1.2		
USA/WI-WSLH-217727/2021	uploaded sample		uploaded sample	uploaded sample			uploaded sample	uploaded sample		uploaded sample
USA/WI-UW-5147/2020|EPI_ISL_2295220|2020-11-11	GISAID and/or public	2020-11-11	20G	B.1.2		USA	20G	B.1.2		
USA/WI-UW-5143/2020|EPI_ISL_2295216|2020-11-11	GISAID and/or public	2020-11-11	20G	B.1.2		USA	20G	B.1.2		
USA/WI-UW-5148/2020|EPI_ISL_2295221|2020-11-11	GISAID and/or public	2020-11-11	20G	B.1.2		USA	20G	B.1.2		
USA/WI-UW-5139/2020|EPI_ISL_2295212|2020-11-11	GISAID and/or public	2020-11-11	20G	B.1.2		USA	20G	B.1.2		
USA/WI-UW-5158/2020|EPI_ISL_2295231|2020-11-11	GISAID and/or public	2020-11-11	20G	B.1.2		USA	20G	B.1.2		
USA/WI-UW-5155/2020|EPI_ISL_2295228|2020-11-11	GISAID and/or public	2020-11-11	20G	B.1.2		USA	20G	B.1.2		
USA/WI-UW-5151/2020|EPI_ISL_2295224|2020-11-11	GISAID and/or public	2020-11-11	20G	B.1.2		USA	20G	B.1.2		
USA/CO-Broad-CMU_00010/2020|MW454486.1|2020-11-10	GISAID and/or public	2020-11-10	20G	B.1.2	MW454486.1	USA	20G	B.1.2		
USA/CO-FG-028485/2020|EPI_ISL_2463838|2020-11-04	GISAID and/or public	2020-11-04	20G	B.1.2		USA	20G	B.1.2		
USA/CO-FG-028397/2020|EPI_ISL_2463282|2020-11-01	GISAID and/or public	2020-11-01	20G	B.1.2		USA	20G	B.1.2		
USA/CO-FG-028399/2020|EPI_ISL_2463284|2020-11-03	GISAID and/or public	2020-11-03	20G	B.1.2		USA	20G	B.1.2		
USA/TX-DSHS-2742/2021|EPI_ISL_1184309|2021-01-20	GISAID and/or public	2021-01-20	20G	B.1.2		USA	20G	B.1.2		
USA/NM-CDC-LC00000206/2020|EPI_ISL_887951|2020-12-24	GISAID and/or public	2020-12-24	20G	B.1.2		USA	20G	B.1.2		
USA/NM-CDC-LC0000206/2020|MW634110.1|2020-12-24	GISAID and/or public	2020-12-24	20G	B.1.2	MW634110.1	USA	20G	B.1.2		
USA/CO-Broad_WarriorLab-00150/2021|MW617650.1|2021-01-22	GISAID and/or public	2021-01-22	20G	B.1.2	MW617650.1	USA	20G	B.1.2		
USA/CO-Broad-CMU_00101/2020|MW521547.1|2020-11-09	GISAID and/or public	2020-11-09	20G	B.1.2	MW521547.1	USA	20G	B.1.2		
USA/CO-Broad-CMU_00090/2020|MW521541.1|2020-11-09	GISAID and/or public	2020-11-09	20G	B.1.2	MW521541.1	USA	20G	B.1.2		
USA/CO-Broad-CMU_00017/2020|MW521521.1|2020-10-30	GISAID and/or public	2020-10-30	20G	B.1.2	MW521521.1	USA	20G	B.1.2		
USA/TX-HMH-MCoV-33152/2020|EPI_ISL_2191797|2020-12-16	GISAID and/or public	2020-12-16	20G	B.1.2		USA	20G	B.1.2		
USA/WY-WYPHL-20125164/2020|EPI_ISL_3150023|2020-11-07	GISAID and/or public	2020-11-07	20G	B.1.2		USA	20G	B.1.2		
USA/CO-CDPHE-2011172063/2020|MZ832809.1|2020-11-11	GISAID and/or public	2020-11-11	20G	B.1.2	MZ832809.1	USA	20G	B.1.2		
USA/CO-CDPHE-2011131614/2020|MZ832804.1|2020-11-04	GISAID and/or public	2020-11-04	20G	B.1.2	MZ832804.1	USA	20G	B.1.2		
USA/CO-CDPHE-2010183370/2020|OK401862.1|2020-10-15	GISAID and/or public	2020-10-15	20G	B.1.2	OK401862.1	USA	20G	B.1.2		
USA/CO-Broad-CMU_00111/2020|MW521553.1|2020-11-10	GISAID and/or public	2020-11-10	20G	B.1.2	MW521553.1	USA	20G	B.1.2		
USA/CO-FG-028848/2020|EPI_ISL_3067478|2020-12-15	GISAID and/or public	2020-12-15	20G	B.1.2		USA	20G	B.1.2		
USA/TG769801/2020|MZ908445.1|2020-11-05	GISAID and/or public	2020-11-05	20G	B.1.2	MZ908445.1	USA	20G	B.1.2		
USA/AK-PHL6590/2020|MZ233544.1|2020-11-25	GISAID and/or public	2020-11-25	20G	B.1.2	MZ233544.1	USA	20G	B.1.2		
USA/AK-CDC-2-3714492/2020|MW496101.1|2020-11-16	GISAID and/or public	2020-11-16	20G	B.1.2	MW496101.1	USA	20G	B.1.2		
USA/CA-SEARCH-17685/2020|EPI_ISL_1812854|2020-11-10	GISAID and/or public	2020-11-10	20G	B.1.2		USA	20G	B.1.2		
USA/CA-CHLA-PLM75414479/2020|MZ722723.1|2020-12-17	GISAID and/or public	2020-12-17	20G	B.1.2	MZ722723.1	USA	20G	B.1.2		
USA/WA-UW-68914/2021|EPI_ISL_1601539|2021-03-29	GISAID and/or public	2021-03-29	20G	B.1.2		USA	20G	B.1.2		
USA/CA-SEARCH-16894/2021|EPI_ISL_1815539|2021-02-07	GISAID and/or public	2021-02-07	20G	B.1.2		USA	20G	B.1.2		
USA/CA-CDPH-2000019545/2021|EPI_ISL_3320090|2021-01-04	GISAID and/or public	2021-01-04	20G	B.1.2		USA	20G	B.1.2		
USA/WA-UW-65379/2021|EPI_ISL_1263532|2021-02-27	GISAID and/or public	2021-02-27	20G	B.1.2		USA	20G	B.1.2		
USA/WA-UW-65180/2021|EPI_ISL_1341576|2021-03-02	GISAID and/or public	2021-03-02	20G	B.1.2		USA	20G	B.1.2		
USA/WA-UW-61644/2021|MZ667245.1|2021-02-17	GISAID and/or public	2021-02-17	20G	B.1.2	MZ667245.1	USA	20G	B.1.2		
USA/WA-S4725/2021|MW685705.2|2021-01-28	GISAID and/or public	2021-01-28	20G	B.1.2	MW685705.2	USA	20G	B.1.2		
USA/WA-CDC-LC0033872/2021|MW903026.1|2021-03-12	GISAID and/or public	2021-03-12	20G	B.1.2	MW903026.1	USA	20G	B.1.2		
USA/WA-UW-68045/2021|MZ232080.1|2021-03-19	GISAID and/or public	2021-03-19	20G	B.1.2	MZ232080.1	USA	20G	B.1.2		
USA/WA-UW-60643/2021|MW879612.1|2021-01-29	GISAID and/or public	2021-01-29	20G	B.1.2	MW879612.1	USA	20G	B.1.2		
USA/WA-UW-67274/2021|MZ360792.1|2021-03-12	GISAID and/or public	2021-03-12	20G	B.1.2	MZ360792.1	USA	20G	B.1.2		
USA/WA-S4347/2021|MW591258.2|2021-01-25	GISAID and/or public	2021-01-25	20G	B.1.2	MW591258.2	USA	20G	B.1.2		
USA/WA-UW-66127/2021|EPI_ISL_1405207|2021-03-03	GISAID and/or public	2021-03-03	20G	B.1.2		USA	20G	B.1.2		
USA/WA-UW-65203/2021|MZ235755.1|2021-03-02	GISAID and/or public	2021-03-02	20G	B.1.2	MZ235755.1	USA	20G	B.1.2		
USA/WA-UW-65196/2021|MZ235748.1|2021-03-02	GISAID and/or public	2021-03-02	20G	B.1.2	MZ235748.1	USA	20G	B.1.2		
USA/WA-UW-65418/2021|MZ235370.1|2021-02-22	GISAID and/or public	2021-02-22	20G	B.1.2	MZ235370.1	USA	20G	B.1.2		
USA/WA-CDC-2-3936531/2021|MW731425.1|2021-02-17	GISAID and/or public	2021-02-17	20G	B.1.2	MW731425.1	USA	20G	B.1.2		
USA/WA-CDC-LC0018905/2021|MW707915.1|2021-02-15	GISAID and/or public	2021-02-15	20G	B.1.596	MW707915.1	USA	20G	B.1.2		
USA/WA-UW-61575/2021|EPI_ISL_1180972|2021-02-17	GISAID and/or public	2021-02-17	20G	B.1.2		USA	20G	B.1.2		
USA/WA-UW-61659/2021|EPI_ISL_1181017|2021-02-17	GISAID and/or public	2021-02-17	20G	B.1.2		USA	20G	B.1.2		
USA/WA-UW-65187/2021|EPI_ISL_1341583|2021-03-02	GISAID and/or public	2021-03-02	20G	B.1.2		USA	20G	B.1.2		
USA/WA-UW-67789/2021|MZ231949.1|2021-03-19	GISAID and/or public	2021-03-19	20G	B.1.2	MZ231949.1	USA	20G	B.1.2		
USA/WA-UW-67303/2021|MZ360815.1|2021-03-12	GISAID and/or public	2021-03-12	20G	B.1.2	MZ360815.1	USA	20G	B.1.2		
USA/WA-UW-61418/2021|EPI_ISL_1180945|2021-02-08	GISAID and/or public	2021-02-08	20G	B.1.2		USA	20G	B.1.2		
USA/WA-UW-64766/2021|MZ236223.1|2021-02-24	GISAID and/or public	2021-02-24	20G	B.1.2	MZ236223.1	USA	20G	B.1.2		
USA/WA-UW-65223/2021|MZ235767.1|2021-03-02	GISAID and/or public	2021-03-02	20G	B.1.2	MZ235767.1	USA	20G	B.1.2		
USA/WA-UW-2021040108475/2021|EPI_ISL_1620831|2021-04-01	GISAID and/or public	2021-04-01	20G	B.1.2		USA	20G	B.1.2		
USA/WI-UW-2125/2020|MW341990.1|2020-09-29	GISAID and/or public	2020-09-29	20G	B.1.2	MW341990.1	USA	20G	B.1.2		
USA/WI-UW-2149/2020|MW342012.1|2020-10-14	GISAID and/or public	2020-10-14	20G	B.1.2	MW342012.1	USA	20G	B.1.2		
USA/WI-UW-2182/2020|MW342042.1|2020-10-21	GISAID and/or public	2020-10-21	20G	B.1.2	MW342042.1	USA	20G	B.1.2		
USA/WI-UW-2171/2020|MW342032.1|2020-10-15	GISAID and/or public	2020-10-15	20G	B.1.2	MW342032.1	USA	20G	B.1.2		
USA/WI-WSLH-210928/2021|EPI_ISL_984186|2021-01-29	GISAID and/or public	2021-01-29	20G	B.1.2		USA	20G	B.1.2		
USA/TG759073/2020|MZ910155.1|2020-11-10	GISAID and/or public	2020-11-10	20G	B.1.2	MZ910155.1	USA	20G	B.1.2		
USA/WI-WSLH-210635/2020|EPI_ISL_1269461|2020-11-12	GISAID and/or public	2020-11-12	20G	B.1.2		USA	20G	B.1.2		
USA/WI-UW-3231/2021|EPI_ISL_1039913|2021-02-01	GISAID and/or public	2021-02-01	20G	B.1.2		USA	20G	B.1.2		
USA/PA-CDC-QDX21491761/2021|MW667062.1|2021-01-27	GISAID and/or public	2021-01-27	20G	B.1.2	MW667062.1	USA	20G	B.1.2		
USA/WI-UW-5150/2020|EPI_ISL_2295223|2020-11-11	GISAID and/or public	2020-11-11	20G	B.1.2		USA	20G	B.1.2		
USA/WI-UW-5172/2020|EPI_ISL_2295245|2020-10-27	GISAID and/or public	2020-10-27	20G	B.1.2		USA	20G	B.1.2		
USA/IL-IDPH-I-000901/2021|EPI_ISL_962160|2021-01-07	GISAID and/or public	2021-01-07	20G	B.1.2		USA	20G	B.1.2		
USA/IL-CDC-3966050-001/2021|MW556168.1|2021-01-07	GISAID and/or public	2021-01-07	20G	B.1.2	MW556168.1	USA	20G	B.1.2		
USA/IL-CDC-9MP1-8894/2021|EPI_ISL_914013|2021-01-07	GISAID and/or public									
USA/MA-MGH-03740/2020|MW687454.1|2020-12-23	GISAID and/or public	2020-12-23	20G	B.1.2	MW687454.1	USA	20G	B.1.2		
USA/CA-ALSR-8491/2020|EPI_ISL_1531952|2020-12-21	GISAID and/or public	2020-12-21	20G	B.1.2		USA	20G	B.1.2		
USA/MT-UMGC-00054/2021|EPI_ISL_2791425|2021-02-15	GISAID and/or public	2021-02-15	20G	B.1.2		USA	20G	B.1.2		
USA/CA-CDPH-2000007758/2020|EPI_ISL_3637412|2020-12-10	GISAID and/or public	2020-12-10	20G	B.1.2		USA	20G	B.1.2		
USA/AZ-CDC-LC0004870/2021|MW639660.1|2021-01-04	GISAID and/or public	2021-01-04	20G	B.1.2	MW639660.1	USA	20G	B.1.2		
USA/DC-DFS-PHL-0414/2020|MZ488154.1|2020-11-01	GISAID and/or public	2020-11-01	20C	B.1.2	MZ488154.1	USA	20G	B.1.2		
USA/CA-UCSF-UC828/2020|MW973520.1|2020-11-26	GISAID and/or public	2020-11-26	20G	B.1.2	MW973520.1	USA	20G	B.1.2		
USA/NH-CDC-LC0017942/2021|MW985467.1|2021-02-10	GISAID and/or public	2021-02-10	20G	B.1.2	MW985467.1	USA	20G	B.1.2		
USA/MA-CDC-STM-000019518/2021|MW941833.1|2021-02-20	GISAID and/or public	2021-02-20	20G	B.1.2	MW941833.1	USA	20G	B.1.2		
USA/CA-CZB-16015/2020|MZ842278.1|2020-11-24	GISAID and/or public	2020-11-24	20G	B.1.2	MZ842278.1	USA	20G	B.1.2		
USA/MA-CDC-LC0037217/2021|MZ001650.1|2021-03-29	GISAID and/or public	2021-03-29	20G	B.1.2	MZ001650.1	USA	20G	B.1.2		
USA/NM-UNM-01690/2021|EPI_ISL_869210|2021-01-07	GISAID and/or public	2021-01-07	20G	B.1.2		USA	20G	B.1.2		
USA/CA-UCSF-UC828/2020|EPI_ISL_978008|2020-11-26	GISAID and/or public	2020-11-26	20G	B.1.2		USA	20G	B.1.2		
USA/MA-MGH-03738/2020|MW687452.1|2020-12-23	GISAID and/or public	2020-12-23	20G	B.1.2	MW687452.1	USA	20G	B.1.2		
USA/MA-CDC-QDX21864866/2021|MW669147.1|2021-02-08	GISAID and/or public	2021-02-08	20G	B.1.2	MW669147.1	USA	20G	B.1.2		
USA/SEARCH-9615/2020|OK546882.1|2020-12-14	GISAID and/or public	2020-12-14	20G	B.1.2	OK546882.1	USA	20G	B.1.2		
USA/SEARCH-9618/2020|OK546885.1|2020-12-14	GISAID and/or public	2020-12-14	20G	B.1.2	OK546885.1	USA	20G	B.1.2		
USA/SEARCH-9620/2020|OK546886.1|2020-12-14	GISAID and/or public	2020-12-14	20G	B.1.2	OK546886.1	USA	20G	B.1.2		
USA/SEARCH-9627/2020|OK546893.1|2020-12-14	GISAID and/or public	2020-12-14	20G	B.1.2	OK546893.1	USA	20G	B.1.2		
USA/SEARCH-9624/2020|OK546890.1|2020-12-14	GISAID and/or public	2020-12-14	20G	B.1.2	OK546890.1	USA	20G	B.1.2		
USA/NM-UNM-01691/2021|EPI_ISL_869211|2021-01-07	GISAID and/or public	2021-01-07	20G	B.1.2		USA	20G	B.1.2		
USA/MI-UM-10036704076/2020|EPI_ISL_682123|2020-10-30	GISAID and/or public	2020-10-30	20G	B.1.2		USA	20G	B.1.2		
USA/MI-UM-10036599325/2020|EPI_ISL_649972|2020-10-23	GISAID and/or public	2020-10-23	20G	B.1.2		USA	20G	B.1.2		
USA/MI-MDHHS-SC23823/2021|EPI_ISL_1158479|2021-02-04	GISAID and/or public	2021-02-04	20G	B.1.2		USA	20G	B.1.2		
USA/MI-UM-10036524127/2020|EPI_ISL_628877|2020-10-19	GISAID and/or public	2020-10-19	20G	B.1.2		USA	20G	B.1.2		
USA/MI-UM-10036853506/2020|EPI_ISL_728497|2020-11-09	GISAID and/or public	2020-11-09	20G	B.1.2		USA	20G	B.1.2		
USA/MI-UM-10036850953/2020|EPI_ISL_728501|2020-11-09	GISAID and/or public	2020-11-09	20G	B.1.2		USA	20G	B.1.2		
USA/MI-UM-10036706410/2020|EPI_ISL_682100|2020-10-30	GISAID and/or public	2020-10-30	20G	B.1.2		USA	20G	B.1.2		
USA/MI-UM-10036599544/2020|EPI_ISL_649982|2020-10-23	GISAID and/or public	2020-10-23	20G	B.1.2		USA	20G	B.1.2		
USA/MI-UM-10036721022/2020|EPI_ISL_682152|2020-10-31	GISAID and/or public	2020-10-31	20G	B.1.2		USA	20G	B.1.2		
USA/MI-UM-10036707028/2020|EPI_ISL_682135|2020-10-30	GISAID and/or public	2020-10-30	20G	B.1.2		USA	20G	B.1.2		
USA/MI-UM-10036738261/2020|EPI_ISL_682188|2020-11-02	GISAID and/or public	2020-11-02	20G	B.1.2		USA	20G	B.1.2		
USA/MI-UM-10036653484/2020|EPI_ISL_650074|2020-10-27	GISAID and/or public	2020-10-27	20G	B.1.2		USA	20G	B.1.2		
USA/MI-UM-10036754004/2020|EPI_ISL_682201|2020-11-03	GISAID and/or public	2020-11-03	20G	B.1.2		USA	20G	B.1.2		
USA/MI-UM-10036608175/2020|EPI_ISL_650017|2020-10-24	GISAID and/or public	2020-10-24	20G	B.1.2		USA	20G	B.1.2		
USA/TG887892/2020|MZ918483.1|2020-11-03	GISAID and/or public	2020-11-03	20G	B.1.2	MZ918483.1	USA	20G	B.1.2		
USA/AZ-TG887892/2020|EPI_ISL_2671967|2020-11-03	GISAID and/or public	2020-11-03	20G	B.1.2		USA	20G	B.1.2		
USA/MI-UM-10037120284/2020|EPI_ISL_1118712|2020-11-25	GISAID and/or public	2020-11-25	20G	B.1.2		USA	20G	B.1.2		
USA/MI-UM-10036705555/2020|EPI_ISL_682106|2020-10-30	GISAID and/or public	2020-10-30	20G	B.1.2		USA	20G	B.1.2		
USA/MI-UM-10036779118/2020|EPI_ISL_728373|2020-11-04	GISAID and/or public	2020-11-04	20G	B.1.2		USA	20G	B.1.2		
USA/MI-UM-10036861572/2020|EPI_ISL_826364|2020-11-09	GISAID and/or public	2020-11-09	20G	B.1.2		USA	20G	B.1.2		
USA/MI-UM-10036782370/2020|EPI_ISL_707850|2020-11-04	GISAID and/or public	2020-11-04	20G	B.1.2		USA	20G	B.1.2		
USA/FL-CDC-STM-186/2020|EPI_ISL_850615|2020-12-31	GISAID and/or public	2020-12-31	20G	B.1.2		USA	20G	B.1.2		
USA/PA-CDC-4197429-001/2021|MZ747238.1|2021-02-28	GISAID and/or public	2021-02-28	20G	B.1.2	MZ747238.1	USA	20G	B.1.2		
USA/WI-WSLH-211919/2021|EPI_ISL_1421177|2021-03-02	GISAID and/or public	2021-03-02	20G	B.1.2		USA	20G	B.1.2		
USA/MI-CDC-FG-014610/2021|MW866073.1|2021-03-09	GISAID and/or public	2021-03-09	20G	B.1.2	MW866073.1	USA	20G	B.1.2		
USA/MI-MDHHS-SC22870/2020|EPI_ISL_804686|2020-11-20	GISAID and/or public	2020-11-20	20G	B.1.2		USA	20G	B.1.2		
USA/MI-UM-10038155204/2021|EPI_ISL_1059198|2021-02-03	GISAID and/or public	2021-02-03	20G	B.1.2		USA	20G	B.1.2		
USA/MI-MDHHS-SC23931/2021|EPI_ISL_1461282|2021-01-13	GISAID and/or public	2021-01-13	20G	B.1.2		USA	20G	B.1.2		
USA/MI-MDHHS-SC22556/2020|EPI_ISL_737109|2020-11-25	GISAID and/or public	2020-11-25	20G	B.1.2		USA	20G	B.1.2		
USA/MI-MDHHS-SC25659/2021|EPI_ISL_1527796|2021-03-11	GISAID and/or public	2021-03-11	20G	B.1.2		USA	20G	B.1.2		
USA/MI-MDHHS-SC23790/2021|EPI_ISL_1158447|2021-02-04	GISAID and/or public	2021-02-04	20G	B.1.2		USA	20G	B.1.2		
USA/MI-MDHHS-SC22706/2020|EPI_ISL_767355|2020-12-10	GISAID and/or public	2020-12-10	20G	B.1.2		USA	20G	B.1.2		
USA/CO-CDC-LC0004239/2021|MW639427.1|2021-01-03	GISAID and/or public	2021-01-03	20G	B.1.2	MW639427.1	USA	20G	B.1.2		
USA/FL-CDC-ASC210001941/2021|MZ258650.1|2021-03-04	GISAID and/or public	2021-03-04	20G	B.1.2	MZ258650.1	USA	20G	B.1.2		
USA/MA-Broad_CRSP-00978/2021|MW660902.1|2021-01-28	GISAID and/or public	2021-01-28	20G	B.1.2	MW660902.1	USA	20G	B.1.2		
USA/MI-MDHHS-SC23288/2021|EPI_ISL_1008771|2021-01-23	GISAID and/or public	2021-01-23	20G	B.1.2		USA	20G	B.1.2		
USA/MI-UM-10036876523/2020|EPI_ISL_728493|2020-11-10	GISAID and/or public	2020-11-10	20G	B.1.2		USA	20G	B.1.2		
USA/MI-CDC-LC0005497/2021|EPI_ISL_886676|2021-01-07	GISAID and/or public	2021-01-07	20G	B.1.2		USA	20G	B.1.2		
USA/WI-UW-3039/2021|EPI_ISL_906247|2021-01-18	GISAID and/or public	2021-01-18	20G	B.1.2		USA	20G	B.1.2		
USA/SEARCH-101209/2021|OK548005.1|2021-01-04	GISAID and/or public	2021-01-04	20G	B.1.2	OK548005.1	USA	20G	B.1.2		
USA/MI-CDC-LC0005497/2021|MW639007.1|2021-01-07	GISAID and/or public	2021-01-07	20G	B.1.2	MW639007.1	USA	20G	B.1.2		
USA/CA-ALSR-7789/2021|EPI_ISL_1366423|2021-02-09	GISAID and/or public	2021-02-09	20G	B.1.2		USA	20G	B.1.2		
USA/WA-UW-67979/2021|MZ232138.1|2021-03-21	GISAID and/or public	2021-03-21	20G	B.1.2	MZ232138.1	USA	20G	B.1.2		
USA/WA-UW-68009/2021|MZ232210.1|2021-03-22	GISAID and/or public	2021-03-22	20G	B.1.2	MZ232210.1	USA	20G	B.1.2		
USA/MI-CDC-ASC210001702/2021|MZ260102.1|2021-03-02	GISAID and/or public	2021-03-02	20G	B.1.2	MZ260102.1	USA	20G	B.1.2		
USA/MI-CDC-QDX22903614/2021|MW816376.1|2021-03-10	GISAID and/or public	2021-03-10	20G	B.1.2	MW816376.1	USA	20G	B.1.2		
SintMaarten/SX-RIVM-23070/2021|EPI_ISL_1595952|2021-02-09	GISAID and/or public	2021-02-09	20G	B.1.2		Sint Maarten	20G	B.1.2		
SintMaarten/SX-RIVM-23050/2021|EPI_ISL_1595932|2021-02-15	GISAID and/or public	2021-02-15	20G	B.1.2		Sint Maarten	20G	B.1.2		
Guadeloupe/IPP02981/2021|EPI_ISL_1013434|2021-01-27	GISAID and/or public	2021-01-27	20G	B.1.2		Guadeloupe	20G	B.1.2		
USA/CA-SEARCH-16237/2021|EPI_ISL_1814529|2021-01-10	GISAID and/or public	2021-01-10	20G	B.1.2		USA	20G	B.1.2		
USA/CA-SEARCH-16233/2021|EPI_ISL_1814750|2021-01-10	GISAID and/or public	2021-01-10	20G	B.1.2		USA	20G	B.1.2		
Guadeloupe/IPP02974/2021|EPI_ISL_1013428|2021-01-28	GISAID and/or public	2021-01-28	20G	B.1.2		Guadeloupe	20G	B.1.2		
Guadeloupe/IPP02973/2021|EPI_ISL_1013427|2021-01-28	GISAID and/or public	2021-01-28	20G	B.1.2		Guadeloupe	20G	B.1.2		
SintMaarten/SX-RIVM-10803/2021|EPI_ISL_1035247|2021-01-21	GISAID and/or public	2021-01-21	20G	B.1.2		Sint Maarten	20G	B.1.2		
SintMaarten/SX-RIVM-13871/2021|EPI_ISL_1090267|2021-02-16	GISAID and/or public	2021-02-16	20G	B.1.2		Sint Maarten	20G	B.1.2		
SintMaarten/SX-RIVM-13827/2021|EPI_ISL_1090260|2021-02-16	GISAID and/or public	2021-02-16	20G	B.1.2		Sint Maarten	20G	B.1.2		
SintMaarten/SX-RIVM-13813/2021|EPI_ISL_1090256|2021-02-16	GISAID and/or public	2021-02-16	20G	B.1.2		Sint Maarten	20G	B.1.2		
Guadeloupe/IPP02213/2021|EPI_ISL_4211257|2021	GISAID and/or public	2021	20G	B.1.2		Guadeloupe	20G	B.1.2		
Guadeloupe/IPP02198/2021|EPI_ISL_4211244|2021-01-11	GISAID and/or public	2021-01-11	20G	B.1.2		Guadeloupe	20G	B.1.2		
Guadeloupe/IPP02216/2021|EPI_ISL_4211259|2021	GISAID and/or public	2021	20G	B.1.2		Guadeloupe	20G	B.1.2		
Guadeloupe/IPP02211/2021|EPI_ISL_4211255|2021	GISAID and/or public	2021	20G	B.1.2		Guadeloupe	20G	B.1.2		
Guadeloupe/IPP02209/2021|EPI_ISL_4211254|2021	GISAID and/or public	2021	20G	B.1.2		Guadeloupe	20G	B.1.2		
Guadeloupe/IPP02189/2021|EPI_ISL_4211237|2021-01-20	GISAID and/or public	2021-01-20	20G	B.1.2		Guadeloupe	20G	B.1.2		
Guadeloupe/IPP02191/2021|EPI_ISL_4211239|2021-01-20	GISAID and/or public	2021-01-20	20G	B.1.2		Guadeloupe	20G	B.1.2		
Guadeloupe/IPP02963/2021|EPI_ISL_1013419|2021-01-29	GISAID and/or public	2021-01-29	20G	B.1.2		Guadeloupe	20G	B.1.2		
USA/WI-GMF-22611/2020|EPI_ISL_660858|2020-09-26	GISAID and/or public	2020-09-26	20G	B.1.2		USA	20G	B.1.2		
USA/NY-Wadsworth-21010134-01/2020|EPI_ISL_896545|2020-12-21	GISAID and/or public	2020-12-21	20G	B.1.2		USA	20G	B.1.2		
USA/NY-CDC-LC0038156/2021|MZ002297.1|2021-03-29	GISAID and/or public	2021-03-29	20G	B.1.2	MZ002297.1	USA	20G	B.1.2		
USA/NY-PRL-2021_0614_51E22/2021|EPI_ISL_2634118|2021-01-01	GISAID and/or public	2021-01-01	20G	B.1.2		USA	20G	B.1.2		
USA/NY-PRL-2021_0621_51D07/2021|EPI_ISL_2715617|2020-12-20	GISAID and/or public									
USA/FL-BPHL-2803/2020|MW523466.1|2020-11-23	GISAID and/or public	2020-11-23	20G	B.1.2	MW523466.1	USA	20G	B.1.2		
USA/AZ-TG745716/2020|EPI_ISL_1184039|2020-11-04	GISAID and/or public	2020-11-04	20G	B.1.2		USA	20G	B.1.2		
USA/WI-GMF-23535/2020|EPI_ISL_660872|2020-10-01	GISAID and/or public	2020-10-01	20G	B.1.2		USA	20G	B.1.2		
USA/WI-WSLH-201427/2020|EPI_ISL_803650|2020-10-09	GISAID and/or public	2020-10-09	20G	B.1.2		USA	20G	B.1.2		
USA/WI-GMF-20782/2020|EPI_ISL_660815|2020-09-17	GISAID and/or public	2020-09-17	20G	B.1.2		USA	20G	B.1.2		
USA/MD-NIH-00155/2021|MW681067.1|2021-01-12	GISAID and/or public	2021-01-12	20G	B.1.2	MW681067.1	USA	20G	B.1.2		
USA/FL-BPHL-2802/2020|MW523465.1|2020-11-23	GISAID and/or public	2020-11-23	20G	B.1.2	MW523465.1	USA	20G	B.1.2		
USA/FL-BPHL-2939/2020|MW566902.1|2020-11-19	GISAID and/or public	2020-11-19	20G	B.1.2	MW566902.1	USA	20G	B.1.2		
USA/NY-Wadsworth-21026269-01/2021|EPI_ISL_2308785|2021-01-25	GISAID and/or public	2021-01-25	20G	B.1.2		USA	20G	B.1.2		
USA/WI-UW-1491/2020|MW031058.1|2020-09-16	GISAID and/or public	2020-09-16	20G	B.1.2	MW031058.1	USA	20G	B.1.2		
USA/TG745716/2020|MZ907992.1|2020-11-04	GISAID and/or public	2020-11-04	20G	B.1.2	MZ907992.1	USA	20G	B.1.2		
USA/WI-GMF-30040/2020|EPI_ISL_661023|2020-10-29	GISAID and/or public	2020-10-29	20G	B.1.2		USA	20G	B.1.2		
USA/WI-GMF-33698/2020|EPI_ISL_942433|2020-11-13	GISAID and/or public	2020-11-13	20G	B.1.2		USA	20G	B.1.2		
USA/WI-GMF-21701/2020|EPI_ISL_660837|2020-09-21	GISAID and/or public	2020-09-21	20G	B.1.2		USA	20G	B.1.2		
USA/WI-GMF-23259/2020|EPI_ISL_660869|2020-09-30	GISAID and/or public	2020-09-30	20G	B.1.2		USA	20G	B.1.2		
USA/WI-WSLH-211772/2021|EPI_ISL_1295563|2021-02-26	GISAID and/or public	2021-02-26	20G	B.1.2		USA	20G	B.1.2		
USA/AZ-CDC-IR9G-6615/2020|MW543036.1|2020-11-15	GISAID and/or public	2020-11-15	20G	B.1.2	MW543036.1	USA	20G	B.1.2		
USA/MI-MDHHS-SC24578/2021|EPI_ISL_1289568|2021-02-08	GISAID and/or public	2021-02-08	20G	B.1.2		USA	20G	B.1.2		
USA/MI-MDHHS-SC24580/2021|EPI_ISL_1289570|2021-02-02	GISAID and/or public	2021-02-02	20G	B.1.2		USA	20G	B.1.2		
USA/FL-CDC-STM-000022218/2021|MW779134.1|2021-02-22	GISAID and/or public	2021-02-22	20G	B.1.2	MW779134.1	USA	20G	B.1.2		
USA/OH-CDC-QDX22085830/2021|MW696976.1|2021-02-16	GISAID and/or public	2021-02-16	20G	B.1.2	MW696976.1	USA	20G	B.1.2		
USA/MI-MDHHS-SC22786/2020|EPI_ISL_804735|2020-11-07	GISAID and/or public	2020-11-07	20G	B.1.2		USA	20G	B.1.2		
USA/TG767852/2020|MZ909829.1|2020-11-06	GISAID and/or public	2020-11-06	20G	B.1.2	MZ909829.1	USA	20G	B.1.2		
USA/MI-CDC-2-3693788/2020|MW406566.1|2020-11-07	GISAID and/or public	2020-11-07	20G	B.1.2	MW406566.1	USA	20G	B.1.2		
USA/JGRH/2021|MW925304.1|2021-01-06	GISAID and/or public	2021-01-06	20G	B.1.2	MW925304.1	USA	20G	B.1.2		
USA/IL-CDC-STM-000003147/2021|OK439615.1|2021-01-14	GISAID and/or public	2021-01-14	20G	B.1.2	OK439615.1	USA	20G	B.1.2		
USA/IL-CDC-STM-000001644/2021|MW583309.1|2021-01-13	GISAID and/or public	2021-01-13	20G	B.1.2	MW583309.1	USA	20G	B.1.2		
USA/PR-CDC-LC0003679/2021|EPI_ISL_886677|2021-01-11	GISAID and/or public	2021-01-11	20G	B.1.2		USA	20G	B.1.2		
USA/PR-CDC-LC0003679/2021|MW639247.1|2021-01-11	GISAID and/or public	2021-01-11	20G	B.1.2	MW639247.1	USA	20G	B.1.2		
USA/NY-Wadsworth-21018059-01/2021|EPI_ISL_1227378|2021-01-28	GISAID and/or public	2021-01-28	20G	B.1.2		USA	20G	B.1.2		
USA/NY-CDC-LC0023148/2021|MW780656.1|2021-02-24	GISAID and/or public	2021-02-24	20G	B.1.2	MW780656.1	USA	20G	B.1.2		
USA/NY-CDC-LC0022248/2021|MW779848.1|2021-02-24	GISAID and/or public	2021-02-24	20G	B.1.2	MW779848.1	USA	20G	B.1.2		
USA/NY-GEO-0200/2021|EPI_ISL_3364444|2021-01-26	GISAID and/or public	2021-01-26	20G	B.1.2		USA	20G	B.1.2		
USA/NY-NYCPHL-002894/2021|EPI_ISL_966450|2021-01-28	GISAID and/or public	2021-01-28	20G	B.1.2		USA	20G	B.1.2		
USA/NY-Wadsworth-21023642-01/2021|EPI_ISL_1228204|2021-02-12	GISAID and/or public	2021-02-12	20G	B.1.2		USA	20G	B.1.2		
USA/NY-GEO-0219/2021|EPI_ISL_3364496|2021-01-28	GISAID and/or public	2021-01-28	20G	B.1.2		USA	20G	B.1.2		
USA/NY-GEO-0221/2021|EPI_ISL_3364504|2021-01-6	GISAID and/or public	2021-01-6	20G	B.1.2		USA	20G	B.1.2		
USA/NY-PRL-2021_0625_51F13/2020|EPI_ISL_2827243|2020-12-11	GISAID and/or public	2020-12-11	20G	B.1.2		USA	20G	B.1.2		
USA/IN-PU-LH000046230/2021|EPI_ISL_955225|2021-01-18	GISAID and/or public	2021-01-18	20G	B.1.2		USA	20G	B.1.2		
USA/PA-CDC-QDX22205358/2021|MW720252.1|2021-02-20	GISAID and/or public	2021-02-20	20G	B.1.2	MW720252.1	USA	20G	B.1.2		
USA/NY-Wadsworth-21014014-01/2020|EPI_ISL_1228077|2020-12-28	GISAID and/or public	2020-12-28	20G	B.1.2		USA	20G	B.1.2		
USA/NJ-CDC-LC0006562/2021|MW636631.1|2021-01-19	GISAID and/or public	2021-01-19	20G	B.1.2	MW636631.1	USA	20G	B.1.2		
USA/VSP1021/2021|MW882058.1|2021-03-08	GISAID and/or public	2021-03-08	20G	B.1.2	MW882058.1	USA	20G	B.1.2		
USA/NJ-CDC-LC0006771/2021|MW636698.1|2021-01-19	GISAID and/or public	2021-01-19	20G	B.1.2	MW636698.1	USA	20G	B.1.2		
USA/NJ-CDC-ASC210001314/2021|MZ260030.1|2021-03-03	GISAID and/or public	2021-03-03	20G	B.1.2	MZ260030.1	USA	20G	B.1.2		
USA/NJ-CDC-ASC210001398/2021|MW851431.1|2021-03-04	GISAID and/or public	2021-03-04	20G	B.1.2	MW851431.1	USA	20G	B.1.2		
USA/FL-BPHL-2981/2020|MW566944.1|2020-12-03	GISAID and/or public	2020-12-03	20G	B.1.2	MW566944.1	USA	20G	B.1.2		
USA/FL-BPHL-2984/2020|MW566947.1|2020-12-03	GISAID and/or public	2020-12-03	20G	B.1.2	MW566947.1	USA	20G	B.1.2		
USA/OR-OSPHL00151/2021|EPI_ISL_1531543|2021-01-07	GISAID and/or public	2021-01-07	20G	B.1.2		USA	20G	B.1.2		
USA/NV-QDX-4133/2021|MW550255.1|2021-01-08	GISAID and/or public	2021-01-08	20G	B.1.2	MW550255.1	USA	20G	B.1.2		
USA/LA-BIE-LSUH000738/2021|MZ457468.1|2021-02-04	GISAID and/or public	2021-02-04	20G	B.1.2	MZ457468.1	USA	20G	B.1.2		
USA/TX-HMH-MCoV-37000/2020|EPI_ISL_2208498|2020-12-07	GISAID and/or public	2020-12-07	20G	B.1.2		USA	20G	B.1.2		
USA/TX-HMH-MCoV-24525/2021|EPI_ISL_1079100|2021-01-18	GISAID and/or public	2021-01-18	20G	B.1.2		USA	20G	B.1.2		
USA/TX-HMH-MCoV-21114/2021|EPI_ISL_1075558|2021-01-01	GISAID and/or public	2021-01-01	20G	B.1.2		USA	20G	B.1.2		
USA/TX-HMH-MCoV-21008/2021|EPI_ISL_1075452|2021-01-05	GISAID and/or public	2021-01-05	20G	B.1.2		USA	20G	B.1.2		
USA/FL-CDC-ASC210003199/2021|MZ260440.1|2021-03-07	GISAID and/or public	2021-03-07	20G	B.1.2	MZ260440.1	USA	20G	B.1.2		
USA/MA-MASPHL-01884/2021|MW626205.1|2021-02-06	GISAID and/or public	2021-02-06	20G	B.1.2	MW626205.1	USA	20G	B.1.2		
USA/MA-CDC-LC0014015/2021|MW705054.1|2021-02-08	GISAID and/or public	2021-02-08	20G	B.1.2	MW705054.1	USA	20G	B.1.2		
USA/NH-CDC-QDX22316412/2021|MW733735.1|2021-02-23	GISAID and/or public	2021-02-23	20G	B.1.2	MW733735.1	USA	20G	B.1.2		
USA/NH-CDC-QDX22393131/2021|MW733266.1|2021-02-25	GISAID and/or public	2021-02-25	20G	B.1.2	MW733266.1	USA	20G	B.1.2		
USA/NH-CDC-QDX22442131/2021|MW749475.1|2021-02-26	GISAID and/or public	2021-02-26	20G	B.1.2	MW749475.1	USA	20G	B.1.2		
USA/FL-CDC-STM-000015438/2021|MW777111.1|2021-02-14	GISAID and/or public	2021-02-14	20G	B.1.2	MW777111.1	USA	20G	B.1.2		
USA/NH-CDC-LC0023665/2021|MW781033.1|2021-02-23	GISAID and/or public	2021-02-23	20G	B.1.2	MW781033.1	USA	20G	B.1.2		
USA/FL-CDC-ASC210003195/2021|MW851729.1|2021-03-08	GISAID and/or public	2021-03-08	20G	B.1.2	MW851729.1	USA	20G	B.1.2		
USA/OH-PLMI-HNYM7-00154/2021|EPI_ISL_1575401|2021-03	GISAID and/or public	2021-03	20G	B.1.2		USA	20G	B.1.2		
USA/MA-MGH-04110/2021|MW687521.1|2021-02-03	GISAID and/or public	2021-02-03	20G	B.1.2	MW687521.1	USA	20G	B.1.2		
USA/MA-NEIDL-00257/2021|EPI_ISL_3493793|2021-02-22	GISAID and/or public	2021-02-22	20G	B.1.2		USA	20G	B.1.2		
USA/MA-Yale-4955/2021|EPI_ISL_2283895|2021-02-10	GISAID and/or public	2021-02-10	20G	B.1.2		USA	20G	B.1.2		
USA/ME-HETL-J1975/2021|EPI_ISL_1372756|2021-03-01	GISAID and/or public	2021-03-01	20G	B.1.2		USA	20G	B.1.2		
USA/ME-HETL-J2362/2021|EPI_ISL_1523685|2021-03-18	GISAID and/or public	2021-03-18	20G	B.1.2		USA	20G	B.1.2		
USA/FL-CDC-STM-000034372/2021|MW848141.1|2021-03-11	GISAID and/or public	2021-03-11	20G	B.1.2	MW848141.1	USA	20G	B.1.2		
USA/AZ-CDC-LC0000483/2020|MW635511.1|2020-12-26	GISAID and/or public	2020-12-26	20G		MW635511.1	USA	20G	B.1.2		
USA/MD-CDC-ASC210044702/2021|MZ025142.1|2021-04-02	GISAID and/or public	2021-04-02	20G	B.1.2	MZ025142.1	USA	20G	B.1.2		
USA/IA-CDC-LC0008670/2021|MW640065.1|2021-01-19	GISAID and/or public	2021-01-19	20G	B.1.2	MW640065.1	USA	20G	B.1.2		
USA/DE-USAFSAM-S0507/2021|EPI_ISL_1091720|2021-01-05	GISAID and/or public	2021-01-05	20G	B.1.2		USA	20G	B.1.2		
USA/WI-WSLH-201391/2020|EPI_ISL_803616|2020-09-29	GISAID and/or public	2020-09-29	20G	B.1.2		USA	20G	B.1.2		
USA/PA-CDC-QDX21606992/2021|MW665741.1|2021-02-01	GISAID and/or public	2021-02-01	20G	B.1.2	MW665741.1	USA	20G	B.1.2		
USA/MO-MSPHL-000403/2021|EPI_ISL_1362941|2021-01-11	GISAID and/or public	2021-01-11	20G	B.1.2		USA	20G	B.1.2		
USA/PA-CDC-LC0022742/2021|MW780307.1|2021-03-01	GISAID and/or public	2021-03-01	20G	B.1.2	MW780307.1	USA	20G	B.1.2		
USA/IN-INSPHL-00026/2021|EPI_ISL_1358911|2021-01-06	GISAID and/or public	2021-01-06	20G	B.1.2		USA	20G	B.1.2		
USA/MN-MDH-3095/2021|MW719503.1|2021-01-04	GISAID and/or public	2021-01-04	20G	B.1.2	MW719503.1	USA	20G	B.1.2		
USA/PA-CDC-2-4058098/2020|MW550695.1|2020-12-05	GISAID and/or public	2020-12-05	20G	B.1.2	MW550695.1	USA	20G	B.1.2		
USA/IA-Noblis-S50B01/2020|OK546289.1|2020-10-29	GISAID and/or public	2020-10-29	20G	B.1.2	OK546289.1	USA	20G	B.1.2		
USA/WV064599/2020|MZ500926.1|2020-12-28	GISAID and/or public	2020-12-28	20G	B.1.2	MZ500926.1	USA	20G	B.1.2		
USA/WV013616/2021|MZ499298.1|2021-01-12	GISAID and/or public	2021-01-12	20G	B.1.2	MZ499298.1	USA	20G	B.1.2		
USA/WI-UW-2066/2020|MW341931.1|2020-10-09	GISAID and/or public	2020-10-09	20G	B.1.2	MW341931.1	USA	20G	B.1.2		
USA/MO-MSPHL-000422/2021|EPI_ISL_1362959|2021-01-13	GISAID and/or public	2021-01-13	20G	B.1.2		USA	20G	B.1.2		
USA/WV090597/2021|MZ499025.1|2021-01-09	GISAID and/or public	2021-01-09	20G	B.1.2	MZ499025.1	USA	20G	B.1.2		
USA/WI-UW-2052/2020|MW341917.1|2020-10-09	GISAID and/or public	2020-10-09	20G	B.1.2	MW341917.1	USA	20G	B.1.2		
USA/WV-WVU-WV064599/2021|EPI_ISL_1624820|2020-12-28	GISAID and/or public									
USA/TX-HMH-MCoV-14797/2020|EPI_ISL_786282|2020-10-13	GISAID and/or public	2020-10-13	20G	B.1.2		USA	20G	B.1.2		
USA/TX-HMH-MCoV-15454/2020|EPI_ISL_786938|2020-10-23	GISAID and/or public	2020-10-23	20G	B.1.2		USA	20G	B.1.2		
USA/VSP0619/2020|MZ578575.1|2020-12-23	GISAID and/or public	2020-12-23	20G	B.1.2	MZ578575.1	USA	20G	B.1.2		
USA/VSP0619/2020|OK245638.1|2020-12-23	GISAID and/or public	2020-12-23	20G	B.1.2	OK245638.1	USA	20G	B.1.2		
USA/IA-GMF-25958/2020|EPI_ISL_660942|2020-10-15	GISAID and/or public	2020-10-15	20G	B.1.2		USA	20G	B.1.2		
USA/WI-GMF-24597/2020|EPI_ISL_660904|2020-10-07	GISAID and/or public	2020-10-07	20G	B.1.2		USA	20G	B.1.2		
USA/WI-WSLH-212512/2021|EPI_ISL_1626131|2021-03-09	GISAID and/or public	2021-03-09	20G	B.1.2		USA	20G	B.1.2		
USA/IA-CDC-ASC210002203/2021|MZ258679.1|2021-03-04	GISAID and/or public	2021-03-04	20G	B.1.2	MZ258679.1	USA	20G	B.1.2		
USA/WI-UW-3935/2021|EPI_ISL_1314157|2021-03-05	GISAID and/or public	2021-03-05	20G	B.1.2		USA	20G	B.1.2		
USA/OH-21AM-015CO00381/2021|EPI_ISL_2100855|2021-01-15	GISAID and/or public	2021-01-15	20G	B.1.2		USA	20G	B.1.2		
USA/OH-21AM-011CO00283/2021|EPI_ISL_2100757|2021-01-11	GISAID and/or public	2021-01-11	20G	B.1.2		USA	20G	B.1.2		
USA/OH-21AM-011CO02156/2021|EPI_ISL_2100773|2021-01-11	GISAID and/or public	2021-01-11	20G	B.1.2		USA	20G	B.1.2		
USA/KY-KSPHL-100230/2021|EPI_ISL_1302690|2021-02-23	GISAID and/or public	2021-02-23	20G	B.1.2		USA	20G	B.1.2		
USA/TG717737/2021|MZ909712.1|2021-02-02	GISAID and/or public	2021-02-02	20G	B.1.2	MZ909712.1	USA	20G	B.1.2		
USA/WY-WPHL-20127909/2020|EPI_ISL_1366249|2020-11-09	GISAID and/or public	2020-11-09	20G	B.1.2		USA	20G	B.1.2		
USA/VA-DCLS-2572/2020|MW590387.1|2020-11	GISAID and/or public	2020-11	20G	B.1.2	MW590387.1	USA	20G	B.1.2		
USA/MO-MSPHL-000375/2020|EPI_ISL_1362917|2020-12-28	GISAID and/or public	2020-12-28	20G	B.1.2		USA	20G	B.1.2		
USA/MI-CDC-ASC210000586/2021|MZ259137.1|2021-03-03	GISAID and/or public	2021-03-03	20G	B.1.2	MZ259137.1	USA	20G	B.1.2		
USA/WV-CDC-QDX21487805/2021|MW667538.1|2021-01-25	GISAID and/or public	2021-01-25	20G	B.1.2	MW667538.1	USA	20G	B.1.2		
USA/NC-CDC-STM-000011270/2021|MW673183.1|2021-02-08	GISAID and/or public	2021-02-08	20G	B.1.2	MW673183.1	USA	20G	B.1.2		
USA/MI-MDHHS-SC24869/2021|EPI_ISL_1367655|2021-03-03	GISAID and/or public	2021-03-03	20G	B.1.2		USA	20G	B.1.2		
USA/OH-CDC-QDX21867564/2021|MW669429.1|2021-02-08	GISAID and/or public	2021-02-08	20G	B.1.2	MW669429.1	USA	20G	B.1.2		
USA/NY-PRL-2021_0405_01G17/2021|EPI_ISL_1542350|2021-04-03	GISAID and/or public	2021-04-03	20G	B.1.2		USA	20G	B.1.2		
USA/NY-NYCPHL-003967/2021|EPI_ISL_1447188|2021-03-18	GISAID and/or public	2021-03-18	20G	B.1.2		USA	20G	B.1.2		
USA/NY-NYCPHL-003781/2021|EPI_ISL_1261857|2021-03-09	GISAID and/or public	2021-03-09	20G	B.1.2		USA	20G	B.1.2		
USA/NY-NYCPHL-003880/2021|EPI_ISL_1447192|2021-03-15	GISAID and/or public	2021-03-15	20G	B.1.2		USA	20G	B.1.2		
USA/WV090206/2021|MZ497525.1|2021-01-13	GISAID and/or public	2021-01-13	20G	B.1.2	MZ497525.1	USA	20G	B.1.2		
USA/WV-CDC-LC0004057/2021|MW638480.1|2021-01-02	GISAID and/or public	2021-01-02	20G	B.1.2	MW638480.1	USA	20G	B.1.2		
USA/WV-WVU-WV090206/2021|EPI_ISL_1423291|2021-01-13	GISAID and/or public	2021-01-13	20G	B.1.2		USA	20G	B.1.2		
USA/WV090369/2021|MZ498508.1|2021-01-02	GISAID and/or public	2021-01-02	20G	B.1.2	MZ498508.1	USA	20G	B.1.2		
USA/WV090377/2021|MZ498515.1|2021-01-02	GISAID and/or public	2021-01-02	20G	B.1.2	MZ498515.1	USA	20G	B.1.2		
USA/WV-CDC-LC0004057/2021|EPI_ISL_886680|2021-01-02	GISAID and/or public	2021-01-02	20G	B.1.2		USA	20G	B.1.2		
USA/WV-CDC-LC0021825/2021|MW779883.1|2021-02-25	GISAID and/or public	2021-02-25	20G	B.1.2	MW779883.1	USA	20G	B.1.2		
USA/MD-HP01077/2020|EPI_ISL_860941|2020-12-25	GISAID and/or public	2020-12-25	20G	B.1.2		USA	20G	B.1.2		
USA/MD-MDH-1210/2021|MW713662.1|2021-03-01	GISAID and/or public	2021-03-01	20G	B.1.2	MW713662.1	USA	20G	B.1.2		
USA/WV-CDC-IBX022982441556/2021|MZ402043.1|2021-05-20	GISAID and/or public	2021-05-20	20G	B.1.2	MZ402043.1	USA	20G	B.1.2		
USA/PA-CDC-STM-000031129/2021|MW808526.1|2021-03-08	GISAID and/or public	2021-03-08	20G	B.1.2	MW808526.1	USA	20G	B.1.2		
USA/PA-CDC-QDX21868056/2021|MW669331.1|2021-02-07	GISAID and/or public	2021-02-07	20G	B.1.2	MW669331.1	USA	20G	B.1.2		
USA/TX-HMH-MCoV-37901/2020|EPI_ISL_2213108|2020-12-11	GISAID and/or public	2020-12-11	20G	B.1.2		USA	20G	B.1.2		
USA/IN-CDC-LC0024394/2021|MW781394.1|2021-02-25	GISAID and/or public	2021-02-25	20G	B.1.2	MW781394.1	USA	20G	B.1.2		
USA/MO-CDC-ASC210013757/2021|MW891984.1|2021-03-20	GISAID and/or public	2021-03-20	20G	B.1.2	MW891984.1	USA	20G	B.1.2		
USA/IN-CDC-STM-000043657/2021|OK193849.1|2021-03-23	GISAID and/or public	2021-03-23	20G	B.1.2	OK193849.1	USA	20G	B.1.2		
USA/OH-CDC-LC0005409/2021|OK425139.1|2021-01-08	GISAID and/or public	2021-01-08	20G	B.1.2	OK425139.1	USA	20G	B.1.2		
USA/IN-CDC-ASC210014920/2021|MW901849.1|2021-03-17	GISAID and/or public	2021-03-17	20G	B.1.2	MW901849.1	USA	20G	B.1.2		
USA/IN-CDC-STM-000029006/2021|MW943752.1|2021-03-05	GISAID and/or public	2021-03-05	20G	B.1.2	MW943752.1	USA	20G	B.1.2		
USA/IN-ISDHQ64/2021|EPI_ISL_1663019|2021-03-23	GISAID and/or public	2021-03-23	20G	B.1.2		USA	20G	B.1.2		
USA/IN-PU-LH000105534/2021|EPI_ISL_1823414|2021-03-03	GISAID and/or public	2021-03-03	20G	B.1.2		USA	20G	B.1.2		
USA/IN-CDC-ASC210005644/2021|MW966066.1|2021-03-14	GISAID and/or public	2021-03-14	20G	B.1.2	MW966066.1	USA	20G	B.1.2		
USA/WV002225/2020|MZ500112.1|2020-11-24	GISAID and/or public	2020-11-24	20G	B.1.2	MZ500112.1	USA	20G	B.1.2		
USA/VA-CDC-LC0000373/2020|MW634182.1|2020-12-27	GISAID and/or public	2020-12-27	20G	B.1.2	MW634182.1	USA	20G	B.1.2		
USA/WV090822/2021|MZ500240.1|2021-01-04	GISAID and/or public	2021-01-04	20G	B.1.2	MZ500240.1	USA	20G	B.1.2		
USA/MD-MDH-2787/2020|MZ465637.1|2020-12-01	GISAID and/or public	2020-12-01	20G	B.1.2	MZ465637.1	USA	20G	B.1.2		
USA/MD-CDC-2-3713976/2020|MW495918.1|2020-12-03	GISAID and/or public	2020-12-03	20G	B.1.2	MW495918.1	USA	20G	B.1.2		
USA/WV-WVU-WV119866/2021|EPI_ISL_2615902|2021-02-04	GISAID and/or public	2021-02-04	20G	B.1.2		USA	20G	B.1.2		
USA/OH-ODH-SC29833/2021|EPI_ISL_965301|2021-01-11	GISAID and/or public	2021-01-11	20G	B.1.2		USA	20G	B.1.2		
USA/MD-MDH-0852/2021|MW621443.1|2021-01-21	GISAID and/or public	2021-01-21	20G	B.1.2	MW621443.1	USA	20G	B.1.2		
USA/PA-M20153625/2020|MZ819936.1|2020-12-04	GISAID and/or public	2020-12-04	20G	B.1.2	MZ819936.1	USA	20G	B.1.2		
USA/PA-M20160158/2020|MZ766188.1|2020-12-16	GISAID and/or public	2020-12-16	20G	B.1.2	MZ766188.1	USA	20G	B.1.2		
USA/PA-M20160142/2020|MZ766190.1|2020-12-16	GISAID and/or public	2020-12-16	20G	B.1.2	MZ766190.1	USA	20G	B.1.2		
USA/PA-M20160125/2020|MZ766192.1|2020-12-16	GISAID and/or public	2020-12-16	20G	B.1.2	MZ766192.1	USA	20G	B.1.2		
USA/OH-21AM-037CO01438/2021|EPI_ISL_2312904|2021-02-06	GISAID and/or public	2021-02-06	20G	B.1.2		USA	20G	B.1.2		
USA/PA-CDC-QDX21751811/2021|MW668967.1|2021-02-04	GISAID and/or public	2021-02-04	20G	B.1.2	MW668967.1	USA	20G	B.1.2		
USA/OH-CDC-LC0034993/2021|MW903848.1|2021-03-24	GISAID and/or public	2021-03-24	20G	B.1.2	MW903848.1	USA	20G	B.1.2		
USA/OH-CDC-FG-014227/2021|MW865899.1|2021-03-17	GISAID and/or public	2021-03-17	20G	B.1.2	MW865899.1	USA	20G	B.1.2		
USA/MA-NEIDL-00676/2021|EPI_ISL_3494196|2021-01-13	GISAID and/or public	2021-01-13	20G	B.1.2		USA	20G	B.1.2		
USA/MA-CDC-QDX22523421/2021|MW763946.1|2021-02-24	GISAID and/or public	2021-02-24	20G	B.1.2	MW763946.1	USA	20G	B.1.2		
USA/FL-Yale-2442/2021|EPI_ISL_1447555|2021-03-09	GISAID and/or public	2021-03-09	20G	B.1.2		USA	20G	B.1.2		
USA/MA-CDC-STM-000029906/2021|OK440047.1|2021-03-05	GISAID and/or public	2021-03-05	20G	B.1.2	OK440047.1	USA	20G	B.1.2		
USA/MA-CDC-STM-000037390/2021|OK193546.1|2021-03-16	GISAID and/or public	2021-03-16	20G	B.1.2	OK193546.1	USA	20G	B.1.2		
USA/MA-CDCBI-CRSP_Y742F52KERSUHDVH/2021|MZ032830.1|2021-04-13	GISAID and/or public	2021-04-13	20G	B.1.2	MZ032830.1	USA	20G	B.1.2		
USA/CA-SC-210901/2021|EPI_ISL_1824116|2021-04-22	GISAID and/or public	2021-04-22	20G	B.1.2		USA	20G	B.1.2		
USA/CT-CDC-LC0040912/2021|MZ036664.1|2021-04-07	GISAID and/or public	2021-04-07	20G	B.1.2	MZ036664.1	USA	20G	B.1.2		